Emp ID,First Name,Last Name,DOB,SSN,State
232,John,Mathews,02/24/1991,***-**-9165,North Dakota
533,Nathan,Moore,11/19/1978,***-**-7469,Maine
256,Amanda,Douglas,01/08/1990,***-**-6961,Idaho
189,Heather,Andrews,08/11/1976,***-**-1797,Vermont
284,Daniel,Hernandez,07/22/1976,***-**-7473,Colorado
512,Danny,Pena,01/31/1978,***-**-9878,Minnesota
126,Gary,Knight,03/08/1994,***-**-1242,Arkansas
556,Robin,Carroll,10/14/1972,***-**-7194,California
595,Michelle,Dickerson,02/08/1984,***-**-2817,Tennessee
191,Kimberly,Gallegos,08/05/1972,***-**-7563,Oregon
55,Morgan,Parker,01/30/1986,***-**-4320,Tennessee
623,Mason,Rhodes,01/28/1977,***-**-4767,Maryland
426,Amy,Griffin,02/18/1973,***-**-1946,Massachusetts
535,Danielle,House,04/16/1975,***-**-9308,Maine
399,Charles,Greene,11/28/1992,***-**-2935,Kentucky
33,Nicholas,Martinez,04/05/1979,***-**-1689,Louisiana
302,Tracey,Meadows,01/12/1988,***-**-6175,Rhode Island
325,Renee,Evans,03/14/1991,***-**-2708,Montana
188,Joseph,Estrada,03/29/1984,***-**-2571,Pennsylvania
184,Jeremy,Warner,10/20/1987,***-**-1184,Alabama
526,Anthony,Rodriguez,02/09/1983,***-**-3865,Idaho
85,Kristen,Lopez,01/02/1978,***-**-8194,Virginia
171,Mark,Mcdonald,06/27/1984,***-**-0101,Montana
74,Robert,Freeman,01/01/1984,***-**-5211,Arkansas
69,Michael,Reynolds,10/30/1994,***-**-8507,California
365,Kristine,Little,07/10/1974,***-**-1771,South Dakota
149,April,Barnes,02/15/1983,***-**-3288,Rhode Island
218,Pamela,Hodges,02/19/1989,***-**-1423,Utah
647,Ronald,Gilbert,05/26/1974,***-**-4448,Wyoming
518,Thomas,Cooper,08/17/1972,***-**-9890,Colorado
12,Dakota,Harrington,08/24/1972,***-**-7188,Virginia
622,Jennifer,Porter,01/20/1991,***-**-5572,Wisconsin
159,Beverly,Jordan,08/15/1986,***-**-3762,New Mexico
394,Mark,Brown,04/02/1975,***-**-8531,California
158,Amy,Ford,06/05/1974,***-**-6461,North Carolina
446,Benjamin,King,05/07/1973,***-**-8165,Rhode Island
352,Stephen,Bryant,05/15/1991,***-**-6488,South Dakota
598,Brandi,Williams,10/15/1989,***-**-8500,Maryland
505,Ashley,Hutchinson,04/26/1994,***-**-1510,South Carolina
173,Alisha,Pacheco,01/13/1982,***-**-2496,Michigan
84,Robert,Campbell,02/27/1973,***-**-9581,South Dakota
406,Sandra,Sanders,10/06/1980,***-**-1673,Rhode Island
164,Katherine,Hensley,05/29/1991,***-**-7226,Connecticut
267,Stacy,Cox,11/08/1976,***-**-0990,Alabama
503,Frank,Barton,06/10/1993,***-**-5568,Massachusetts
295,Shannon,Kramer,05/04/1980,***-**-7615,South Carolina
590,Brenda,James,12/31/1977,***-**-3251,Hawaii
97,Paula,Edwards,08/10/1988,***-**-0638,Kansas
3,Jennifer,Rowe,09/16/1980,***-**-9014,New York
20,David,Foster,01/09/1990,***-**-6956,Missouri
179,William,Boyle,01/30/1988,***-**-0490,Arkansas
86,Christopher,Greene,05/29/1972,***-**-8446,Idaho
219,Matthew,Fuller,04/27/1980,***-**-2989,Mississippi
237,Gabriela,Nguyen,12/17/1981,***-**-3729,Washington
96,Allison,Diaz,03/25/1994,***-**-8927,Arkansas
22,Isaac,Jordan,05/06/1986,***-**-0520,Texas
439,Cheryl,Bailey,10/31/1991,***-**-1224,North Carolina
146,Julie,Castillo,02/16/1988,***-**-4523,Alaska
271,Michael,Adams,12/10/1986,***-**-3927,Florida
103,Melinda,Parsons,02/07/1986,***-**-8751,Nebraska
540,Robert,Campbell,01/17/1987,***-**-3694,Delaware
144,Julie,Nelson,08/08/1994,***-**-1332,South Dakota
594,Steven,Nelson,04/14/1989,***-**-2085,Vermont
176,Hailey,Lynn,03/25/1973,***-**-9488,California
198,Dillon,Nguyen,05/26/1978,***-**-4552,Illinois
433,Hannah,Miller,10/18/1973,***-**-4657,New York
274,Jeffrey,Harris,05/25/1994,***-**-4763,Kentucky
6,Daniel,Welch,08/08/1982,***-**-6950,Illinois
452,Bryan,Jackson,09/08/1982,***-**-8117,Maryland
23,Denise,George,09/07/1990,***-**-4879,Wisconsin
373,Alicia,Carney,09/10/1989,***-**-9437,Ohio
374,William,Peters,03/20/1986,***-**-7516,Kentucky
200,Dustin,Drake,09/17/1993,***-**-5454,West Virginia
428,Jessica,Thornton,01/03/1983,***-**-2381,Kansas
116,Rebecca,Wilson,06/08/1980,***-**-6629,Michigan
418,Katherine,Lane,11/01/1986,***-**-6820,New Hampshire
9,Sarah,Harper,07/27/1993,***-**-5891,Alaska
230,Jermaine,Hill,09/11/1988,***-**-5479,New Jersey
502,Michael,Marshall,04/05/1990,***-**-5125,Michigan
632,Kirsten,Mcbride,09/10/1973,***-**-2372,Iowa
112,Rachael,Holmes,07/30/1973,***-**-2067,Georgia
422,Leon,Foster,09/19/1975,***-**-3153,South Carolina
131,David,Mcclain,08/02/1976,***-**-5430,Ohio
404,Emily,Lawrence,11/24/1991,***-**-1991,Tennessee
504,Troy,Booth,12/27/1990,***-**-5141,Tennessee
194,Stephanie,Ho,04/25/1983,***-**-3656,Kansas
567,Michele,Hendricks,03/10/1990,***-**-7341,Mississippi
253,Eric,Harper,11/12/1986,***-**-2860,Nevada
407,Jonathan,Gomez,06/05/1993,***-**-4727,South Dakota
82,Kevin,Garcia,11/25/1977,***-**-4722,Nevada
429,Howard,Lawson,04/13/1984,***-**-7664,Michigan
78,Stacy,Robertson,09/24/1974,***-**-0248,Wyoming
167,John,Beck,07/27/1985,***-**-3635,Arkansas
484,Julia,Morgan,03/18/1976,***-**-1731,Wisconsin
60,Allen,Leon,04/06/1975,***-**-9089,Michigan
400,James,Rios,03/04/1978,***-**-3987,Idaho
34,Ralph,Wells,10/19/1988,***-**-4237,Kansas
596,Megan,Chavez,10/08/1991,***-**-7659,Connecticut
279,Ashley,Patrick,06/07/1974,***-**-0763,Wyoming
466,Bonnie,Bowen,11/07/1993,***-**-5889,Idaho
327,Andrew,Lawson,04/05/1982,***-**-7313,Montana
382,Tonya,Chavez,04/17/1984,***-**-5703,Montana
369,Michelle,Larson,03/20/1980,***-**-3866,Florida
347,Mark,Garrett,09/18/1985,***-**-4408,Wyoming
25,Chelsea,Rivera,06/21/1987,***-**-0140,New Hampshire
317,Amanda,Krause,11/06/1977,***-**-4744,Illinois
321,Paige,Spencer,09/02/1991,***-**-8621,New York
193,Rhonda,Gonzales,06/07/1976,***-**-4110,Idaho
606,Jasmine,Kelly,06/30/1979,***-**-3251,Minnesota
123,Amy,Sherman,08/04/1973,***-**-6029,New Jersey
566,David,Arroyo,04/16/1975,***-**-9403,Florida
409,Robert,Lin,11/12/1975,***-**-0121,Arizona
265,Paul,Wilson,06/19/1993,***-**-9871,Iowa
490,Paul,Meyers,03/13/1989,***-**-1680,Hawaii
311,Jessica,Elliott,06/04/1978,***-**-1632,Ohio
537,Anthony,Richmond,10/05/1989,***-**-8935,Arkansas
147,William,Rivera,03/08/1975,***-**-7032,South Dakota
304,Sheri,Villegas,02/13/1985,***-**-8629,Oregon
472,Kelly,Hopkins,10/08/1984,***-**-6875,Hawaii
348,Darren,Farrell,05/24/1991,***-**-5885,California
91,Darlene,Harmon,05/05/1980,***-**-3052,West Virginia
410,Rachel,Lyons,08/29/1972,***-**-0900,Maine
344,David,Jacobs,02/28/1982,***-**-3682,Florida
419,Christina,Weeks,10/15/1972,***-**-2028,Pennsylvania
1,Andrea,Anderson,11/12/1984,***-**-5650,Connecticut
532,Jennifer,Smith,01/31/1989,***-**-1748,Georgia
107,Shirley,Andrews,12/07/1981,***-**-5306,Ohio
166,Adrian,Rivera,02/13/1973,***-**-5638,Massachusetts
391,George,Mckinney,02/04/1984,***-**-7748,Utah
67,Hailey,Boyd,11/17/1980,***-**-0270,New York
447,Tiffany,Harris,01/12/1983,***-**-9733,West Virginia
653,Mary,Hunter,11/01/1977,***-**-6623,Texas
294,Robert,Edwards,04/07/1980,***-**-5215,Georgia
416,Barbara,Lambert,09/07/1979,***-**-5353,Idaho
185,Angela,Armstrong,03/22/1990,***-**-2446,New York
637,Brett,Ward,09/27/1979,***-**-0204,Minnesota
333,Troy,Sanchez,11/15/1990,***-**-2052,Oklahoma
579,Garrett,Carter,09/26/1988,***-**-7246,California
215,James,Reeves,01/31/1988,***-**-1620,Indiana
152,Mary,Baker,07/08/1979,***-**-0954,Michigan
301,Alexandra,Bradley,06/13/1980,***-**-9390,Alabama
572,Aaron,James,03/25/1974,***-**-4596,Oregon
165,Thomas,Wood,08/21/1979,***-**-8269,Tennessee
639,Charlene,Jackson,10/28/1989,***-**-8809,Wyoming
405,Mary,Robbins,12/01/1975,***-**-9514,Florida
390,Kayla,Washington,10/08/1985,***-**-6218,Connecticut
641,Kimberly,Knapp,11/23/1992,***-**-1122,Colorado
51,Nicholas,Brown,09/18/1988,***-**-2869,South Carolina
421,Rebecca,Marshall,05/06/1974,***-**-1020,Pennsylvania
106,Mark,Smith,07/07/1979,***-**-5381,North Dakota
379,Adam,Harrell,10/18/1981,***-**-0742,West Virginia
76,Steve,Daniels,09/14/1980,***-**-3537,Colorado
68,Victoria,Potter,03/25/1988,***-**-4290,Utah
118,Kathy,Preston,03/06/1990,***-**-9960,Louisiana
127,Michael,Donaldson,01/01/1995,***-**-7624,California
542,Brian,Bridges,02/22/1976,***-**-4546,Minnesota
181,Martha,Gonzalez,01/17/1981,***-**-8342,Kansas
111,Paul,Rogers,01/10/1992,***-**-6284,Montana
481,Dawn,Galvan,09/03/1989,***-**-8058,Tennessee
568,Amber,West,01/19/1978,***-**-7363,North Dakota
395,Christopher,Guerrero,01/29/1983,***-**-4036,Wyoming
345,Stacy,Brooks,06/17/1991,***-**-4661,South Carolina
438,Danielle,Kaiser,08/21/1975,***-**-9764,Alabama
403,Taylor,Boyle,09/26/1979,***-**-9756,Maryland
180,Donna,Howard,12/16/1978,***-**-3416,California
616,Anne,Rios,11/26/1974,***-**-6513,Hawaii
56,Theresa,Barnes,09/28/1976,***-**-2054,Connecticut
153,Lori,Tate,03/08/1977,***-**-9123,New Mexico
551,Alexandria,Baker,11/02/1974,***-**-3200,Nevada
135,Stephen,Hensley,09/30/1978,***-**-5372,Georgia
500,Jennifer,Fischer,11/19/1983,***-**-5609,Utah
24,Pamela,Robinson,02/21/1981,***-**-4275,New Mexico
81,Brendan,Gonzalez,08/02/1991,***-**-9993,South Carolina
50,Richard,Turner,12/24/1982,***-**-9924,Tennessee
328,Michael,Robinson,10/22/1973,***-**-2355,Illinois
402,Patricia,Sharp,07/13/1987,***-**-0306,Maryland
255,Elizabeth,Avila,03/15/1977,***-**-8453,New Hampshire
413,Christopher,Martinez,12/28/1978,***-**-8774,Connecticut
507,Isaac,Woods,03/20/1984,***-**-6227,Alaska
62,Adriana,Wolf,10/17/1994,***-**-1702,Oregon
150,David,Pearson,06/14/1982,***-**-1781,Alabama
109,Matthew,Kramer,05/14/1988,***-**-4860,Rhode Island
310,Pamela,Archer,10/25/1987,***-**-2625,West Virginia
243,Charles,Stout,12/05/1976,***-**-1997,Kansas
72,Daniel,Boyd,07/18/1978,***-**-1220,New York
608,Jimmy,Jones,02/19/1973,***-**-2030,Massachusetts
19,Rebecca,Hammond,02/21/1972,***-**-2706,Louisiana
30,Emily,Diaz,12/04/1986,***-**-9174,Alaska
119,Chad,Wise,11/10/1988,***-**-1355,Colorado
162,Todd,Duran,01/14/1976,***-**-1832,Kentucky
199,Brian,Mclaughlin,09/21/1987,***-**-2876,Pennsylvania
187,Katherine,Rogers,05/13/1988,***-**-9500,Maine
102,Joseph,Adams,01/18/1979,***-**-7778,Wisconsin
385,David,Lowery,10/21/1987,***-**-7963,Utah
626,Janice,Young,07/07/1988,***-**-4863,Washington
528,Anna,Matthews,02/09/1991,***-**-4474,Tennessee
31,Katie,Garcia,03/22/1983,***-**-8462,Alaska
43,Maria,Estrada,04/30/1990,***-**-8108,Louisiana
169,Ashley,Smith,07/16/1983,***-**-8720,Texas
204,Amy,Wright,10/15/1991,***-**-8641,California
494,Heather,Scott,08/20/1982,***-**-0361,New Hampshire
233,John,Anderson,05/30/1973,***-**-6681,New York
638,John,Anderson,01/07/1983,***-**-7935,Utah
57,Kimberly,Harris,10/01/1988,***-**-5459,Iowa
648,Christopher,Smith,11/23/1976,***-**-2521,Wisconsin
192,Daniel,Singh,12/25/1980,***-**-7521,Virginia
73,Miranda,Nguyen,08/12/1981,***-**-2585,Maine
477,Gregory,Simpson,07/09/1990,***-**-9365,Colorado
411,Daniel,Brown,04/19/1984,***-**-6526,New Mexico
630,Susan,Thompson,05/17/1985,***-**-6074,Tennessee
600,Rick,Johns,07/30/1984,***-**-7121,Nevada
634,Sean,Calhoun,07/31/1978,***-**-2261,South Dakota
296,Alan,Holden,11/06/1994,***-**-6916,Pennsylvania
154,Robin,Silva,07/14/1987,***-**-0453,Alaska
527,Nicole,Conrad,06/02/1985,***-**-6985,South Dakota
635,Deanna,Russell,07/29/1972,***-**-9236,Maryland
229,Joshua,Bailey,07/20/1986,***-**-4031,West Virginia
389,Daniel,Patrick,10/15/1972,***-**-8777,Georgia
220,William,Smith,06/04/1990,***-**-0654,Arkansas
454,Kristin,Grant,08/23/1980,***-**-9693,West Virginia
488,Kimberly,Velasquez,01/10/1989,***-**-4229,Georgia
41,Michael,Dalton,03/08/1994,***-**-2101,Wisconsin
522,Jason,Shaw,11/01/1985,***-**-4765,Kentucky
269,Jonathon,Olson,07/08/1985,***-**-7767,South Carolina
35,Andrea,Perry,02/01/1986,***-**-8897,Colorado
10,Anthony,Nguyen,10/09/1986,***-**-8472,Wisconsin
397,Anthony,Christensen,05/13/1983,***-**-8703,Ohio
45,Paul,Murphy,07/18/1975,***-**-9454,New Jersey
210,Susan,Stewart,04/23/1989,***-**-2712,Georgia
197,Scott,Warren,06/24/1985,***-**-3723,Ohio
354,Jennifer,Avery,08/08/1987,***-**-5062,Louisiana
552,Alexander,Vaughan,08/22/1988,***-**-8562,Michigan
414,Laura,Parker,12/05/1973,***-**-6879,Colorado
134,Derek,Harrington,09/15/1990,***-**-2836,Arkansas
11,Daniel,Wells,08/27/1994,***-**-7268,California
222,Kelly,Phillips,11/05/1987,***-**-1324,Michigan
442,Lauren,Bennett,06/05/1985,***-**-4874,Iowa
633,Aaron,Wolf,04/09/1978,***-**-1149,Wyoming
361,Julia,Wright,09/04/1980,***-**-6702,Colorado
205,Cheryl,Dennis,06/16/1986,***-**-0712,Texas
18,Donna,Lopez,02/22/1985,***-**-5711,Delaware
459,Matthew,Gibbs,06/12/1984,***-**-9698,Idaho
564,Nancy,Mitchell,02/02/1988,***-**-9365,Georgia
138,Ashley,Bullock,07/23/1983,***-**-5394,Mississippi
356,Andrew,Moore,01/03/1982,***-**-5178,Idaho
479,Joseph,Martinez,10/05/1973,***-**-9409,New Hampshire
100,Yvette,Rodriguez,09/11/1985,***-**-8123,Oregon
451,Carrie,Barber,11/09/1977,***-**-3083,Louisiana
432,Ashley,Sherman,10/01/1984,***-**-1501,Nebraska
71,Craig,Garcia,08/18/1994,***-**-3695,Pennsylvania
463,Jerome,Brown,07/10/1992,***-**-9456,Maryland
308,Kevin,Beck,03/29/1981,***-**-7304,Tennessee
591,Travis,Hansen,07/28/1981,***-**-6746,Delaware
214,Rodney,Cook,12/15/1994,***-**-6232,Rhode Island
290,Theresa,Brown,02/20/1993,***-**-3478,Minnesota
8,Wayne,Mercer,09/21/1989,***-**-7254,Massachusetts
182,Mary,Lee,04/12/1982,***-**-7361,Ohio
534,Matthew,Martin,07/12/1993,***-**-7803,Idaho
511,Lee,Weber,12/03/1988,***-**-9830,California
32,James,Wilson,07/23/1977,***-**-7343,Oregon
289,Angela,Clark,04/20/1988,***-**-3392,Minnesota
643,Allen,Flynn,07/25/1994,***-**-7573,New Hampshire
234,Darrell,Coleman,08/24/1992,***-**-4198,Wisconsin
618,Patrick,Wells,08/03/1979,***-**-3209,Mississippi
246,Tyler,Beck,10/20/1986,***-**-1385,Hawaii
546,Michelle,Jenkins,11/29/1977,***-**-8254,Nebraska
455,Scott,Miller,09/27/1991,***-**-3580,Wyoming
341,Maria,Mcmillan,09/07/1973,***-**-3730,Texas
252,Amy,Waller,10/01/1980,***-**-8763,Massachusetts
351,Jacob,Thomas,03/31/1976,***-**-8896,Mississippi
493,Amanda,Jones,07/31/1993,***-**-0691,Minnesota
599,Edward,Padilla,10/09/1993,***-**-5222,Pennsylvania
315,Debra,Best,02/20/1973,***-**-3320,North Dakota
577,Gregory,Roberts,01/27/1986,***-**-4496,Indiana
415,Suzanne,Wheeler,05/19/1985,***-**-2982,Wisconsin
303,Ann,Lewis,01/14/1976,***-**-0619,Montana
478,Michelle,Peterson,06/25/1984,***-**-2154,Massachusetts
313,Adam,Thomas,12/30/1982,***-**-1297,Virginia
4,Donna,Owens,09/26/1987,***-**-6696,Alabama
249,Pamela,Lyons,09/27/1972,***-**-3318,Arkansas
649,Victor,Lopez,10/26/1987,***-**-3964,Nevada
565,Matthew,Miller,04/07/1979,***-**-3517,Colorado
513,Kevin,Foster,10/18/1985,***-**-5090,Wisconsin
516,Alyssa,Stokes,04/01/1973,***-**-2432,Ohio
545,Mark,Saunders,08/23/1973,***-**-2640,Vermont
38,Michael,Chapman,03/13/1977,***-**-6874,Oregon
309,Cole,Farrell,01/29/1993,***-**-7973,Indiana
578,Michael,Estrada,10/12/1994,***-**-2448,Ohio
178,Shaun,Martinez,12/11/1982,***-**-5793,North Carolina
359,Victoria,Moon,01/06/1976,***-**-8604,Arizona
278,Brian,Peters,05/07/1982,***-**-3701,Hawaii
292,Jose,Gonzalez,06/01/1992,***-**-9797,Maryland
87,John,Paul,11/20/1973,***-**-7180,Kentucky
286,Stephanie,Smith,04/26/1978,***-**-1286,New Hampshire
221,Lisa,Wilson,11/09/1993,***-**-6950,Arizona
524,Cody,Duran,01/15/1973,***-**-6706,New Mexico
453,Ann,Johnson,06/01/1981,***-**-9046,Nebraska
468,Paula,Hernandez,10/12/1975,***-**-2951,California
444,Patrick,Barber,07/21/1991,***-**-9891,New York
350,Dennis,Alvarado,11/27/1973,***-**-4378,Montana
462,David,Peterson,06/27/1973,***-**-7312,Louisiana
66,Tina,Williams,11/04/1987,***-**-7775,Oregon
495,Bridget,Koch,02/23/1973,***-**-9714,Wyoming
586,Adrian,Hernandez,09/08/1993,***-**-5101,Nebraska
457,Andrea,Potter,12/26/1983,***-**-6384,New Hampshire
392,David,Williams,07/07/1990,***-**-6350,Massachusetts
202,Katherine,Wright,05/10/1987,***-**-3109,Arkansas
467,Kevin,Taylor,04/19/1979,***-**-2293,New Hampshire
627,Latoya,Mitchell,03/15/1991,***-**-3607,Maine
367,Tricia,Smith,01/24/1992,***-**-7866,California
244,David,Miles,11/26/1993,***-**-2657,Michigan
620,Gina,Hoffman,03/20/1990,***-**-4213,Utah
642,Tamara,Whitney,09/21/1975,***-**-9208,Missouri
427,John,Garcia,04/14/1987,***-**-3993,Texas
539,Craig,Nunez,06/13/1972,***-**-6566,Delaware
98,Desiree,Ross,07/07/1981,***-**-2608,Mississippi
324,Samantha,Ramirez,08/11/1981,***-**-7086,Maryland
589,David,Patton,11/19/1978,***-**-9705,Pennsylvania
339,Caroline,Lopez,08/09/1981,***-**-1325,Oklahoma
645,Karen,Malone,09/03/1985,***-**-5442,Colorado
355,Daniel,Wright,12/31/1989,***-**-3803,Florida
541,Brent,Miller,01/14/1978,***-**-9692,Hawaii
360,Mitchell,Meyer,08/31/1991,***-**-7666,Rhode Island
39,Annette,Flores,04/19/1977,***-**-3196,Nebraska
305,Wendy,Hendrix,08/19/1983,***-**-6634,Wyoming
474,Alexis,Cross,08/11/1983,***-**-3694,Minnesota
571,Jeffrey,Jones,06/27/1981,***-**-1822,South Dakota
372,Jessica,Walsh,06/01/1976,***-**-2907,Rhode Island
559,Sherry,Henderson,02/15/1991,***-**-3768,Florida
521,Jennifer,Johnson,02/17/1978,***-**-3102,Oklahoma
583,Scott,Ellison,03/31/1977,***-**-8653,New Hampshire
329,Denise,Baldwin,04/06/1992,***-**-7350,Alabama
201,Rebecca,James,12/04/1980,***-**-1514,Massachusetts
276,Sean,Gonzales,08/11/1981,***-**-8838,Missouri
592,Mary,Chavez,04/27/1990,***-**-2834,Pennsylvania
124,Ralph,Martinez,02/26/1980,***-**-4024,Washington
133,Thomas,Stone,03/29/1973,***-**-8227,Delaware
314,Christopher,Anderson,07/01/1974,***-**-1835,North Carolina
562,Allison,Garcia,02/08/1983,***-**-0105,Louisiana
125,Charles,Hall,09/15/1982,***-**-7617,Pennsylvania
625,Lawrence,Roach,04/03/1991,***-**-2080,Kentucky
312,Christopher,Dougherty,03/29/1978,***-**-0986,Alabama
90,William,Small,08/05/1990,***-**-0642,Colorado
236,Samuel,May,03/30/1988,***-**-0970,New Jersey
601,Brian,Lopez,02/13/1990,***-**-7558,Delaware
326,Amanda,Clark,07/23/1991,***-**-5043,Minnesota
264,Cody,Taylor,11/13/1978,***-**-3700,South Dakota
248,Sherry,Love,03/24/1975,***-**-8685,Oregon
485,Christine,Stone,11/07/1978,***-**-6503,Kansas
54,Kristy,Diaz,03/26/1988,***-**-1032,Iowa
2,Amy,Long,07/19/1982,***-**-7292,Florida
298,Haley,Myers,03/20/1985,***-**-0757,Maryland
99,Michael,Holden,07/23/1975,***-**-7951,Indiana
186,Kelly,Ferrell,01/21/1982,***-**-2299,New Hampshire
593,Rachel,Valdez,05/21/1985,***-**-0852,Utah
557,Kristine,Roberson,03/18/1981,***-**-0956,Minnesota
375,Vincent,Watson,12/15/1974,***-**-8997,Rhode Island
460,Elizabeth,Bailey,07/15/1979,***-**-7230,Michigan
496,Mark,Mcmillan,07/08/1976,***-**-2503,Michigan
487,Sheri,Long,06/06/1978,***-**-5166,Ohio
469,Daniel,Mccall,07/12/1987,***-**-5314,Nebraska
340,Dawn,Malone,04/19/1979,***-**-2070,Tennessee
363,Evan,Romero,08/25/1994,***-**-3334,New Mexico
108,Paul,Adams,04/19/1992,***-**-5765,West Virginia
357,Tracy,Holt,10/20/1988,***-**-1413,Alaska
293,Charles,Wheeler,02/11/1972,***-**-5781,California
604,Ashley,Harris,08/09/1993,***-**-7070,Illinois
7,Roberto,Schmidt,02/07/1994,***-**-1763,Alabama
94,Margaret,Barton,10/10/1975,***-**-0973,Idaho
227,Michelle,Diaz,09/25/1993,***-**-4889,Idaho
486,Mike,Duncan,12/15/1988,***-**-8115,Maryland
613,Alexandra,Thomas,01/12/1994,***-**-6760,South Dakota
603,Mark,Murillo,09/22/1976,***-**-9915,Michigan
332,Carol,Dyer,03/12/1989,***-**-5545,Hawaii
587,Daniel,Williams,11/17/1989,***-**-9146,New Hampshire
602,Sandra,Suarez,09/20/1980,***-**-9548,Georgia
398,Sarah,Hamilton,07/20/1976,***-**-3104,North Dakota
148,Sydney,Floyd,03/31/1981,***-**-0722,Connecticut
223,Jonathan,Hall,07/01/1978,***-**-6672,Nebraska
574,Jennifer,Kim,10/03/1976,***-**-9504,Minnesota
588,Kenneth,Sanchez,10/30/1980,***-**-8921,California
157,Joseph,Carroll,05/09/1975,***-**-5984,North Dakota
175,Jennifer,Arnold,10/18/1976,***-**-4368,Alabama
473,David,Le,08/31/1976,***-**-5444,Michigan
29,Jeffrey,Clark,06/28/1978,***-**-0316,Missouri
334,Jeffery,Reed,07/19/1985,***-**-6338,New Jersey
465,Laura,Kim,07/26/1974,***-**-3606,Pennsylvania
92,Derek,Obrien,06/29/1990,***-**-6123,New Hampshire
470,Brooke,Bishop,12/18/1980,***-**-4107,California
128,Peter,Miles,10/26/1976,***-**-3367,Washington
77,Alex,Owen,10/07/1987,***-**-9252,Alabama
530,Michael,Fowler,08/28/1990,***-**-3995,Tennessee
270,Katherine,Rose,01/19/1976,***-**-0446,Minnesota
251,Daniel,Waller,04/23/1974,***-**-0011,Kentucky
277,Ronald,Johnson,09/19/1973,***-**-8871,Delaware
346,Austin,Gutierrez,06/25/1979,***-**-0203,Vermont
238,Brandon,Chang,05/14/1984,***-**-6687,Alabama
143,Alexander,Murphy,05/05/1984,***-**-0664,Utah
461,Stephanie,Mendoza,03/22/1977,***-**-8308,Vermont
5,Gregory,Moore,02/10/1982,***-**-6226,Massachusetts
117,Jonathan,Mendoza,12/30/1989,***-**-0262,Maryland
396,Michelle,Phillips,09/17/1988,***-**-2345,Oklahoma
517,Justin,Morgan,03/17/1976,***-**-5133,Michigan
228,Michael,Hubbard,09/09/1978,***-**-8972,Connecticut
576,Travis,Little,05/14/1992,***-**-6995,Wyoming
482,Susan,Kennedy,12/19/1988,***-**-4558,Maine
611,Emily,Mcgrath,11/10/1973,***-**-7640,Colorado
288,Sandra,Griffin,11/13/1988,***-**-6533,Nevada
322,Jessica,Sullivan,01/07/1990,***-**-2665,Wyoming
93,Timothy,Mendoza,06/09/1980,***-**-2367,New Mexico
631,Amanda,Pearson,08/15/1979,***-**-9832,Tennessee
95,Jeffery,Burnett,07/28/1984,***-**-4493,Kansas
225,Brian,Williams,01/12/1986,***-**-5701,Montana
386,Randy,Dorsey,05/09/1974,***-**-0360,Missouri
272,Duane,Williams,10/14/1973,***-**-8818,Nevada
614,Colleen,Beasley,08/12/1977,***-**-3286,Massachusetts
262,Brian,Jackson,12/21/1985,***-**-9597,Pennsylvania
110,Cynthia,Price,10/15/1991,***-**-6184,South Dakota
501,Donald,Carter,07/16/1983,***-**-5922,Hawaii
65,Lisa,Schmitt,04/23/1976,***-**-5980,Tennessee
458,Dustin,Nichols,06/07/1977,***-**-9015,Nebraska
224,Jay,Brown,04/24/1980,***-**-8736,Texas
160,Beth,Lynch,02/13/1984,***-**-0814,Alaska
259,Mary,Mitchell,01/20/1982,***-**-3602,Texas
547,Joshua,Rush,08/05/1986,***-**-2710,Georgia
358,Jillian,David,04/11/1973,***-**-4462,Hawaii
652,Anthony,Delgado,09/19/1994,***-**-7837,Florida
49,Meghan,Wilson,05/18/1988,***-**-4722,Hawaii
437,Andrea,Montgomery,12/03/1991,***-**-6315,Ohio
536,Megan,Gray,10/12/1972,***-**-4006,New York
636,Sarah,Brooks,06/27/1991,***-**-6948,Arkansas
330,Kaylee,Clark,05/29/1992,***-**-0753,Wisconsin
538,Joseph,Martin,04/13/1992,***-**-5396,Arkansas
168,Donna,Rose,04/20/1989,***-**-1960,Tennessee
480,Brandi,Sawyer,07/13/1979,***-**-9334,Rhode Island
543,James,Torres,01/19/1986,***-**-5026,Delaware
506,Jonathan,Malone,04/14/1984,***-**-9942,Minnesota
80,Christine,Williams,08/15/1974,***-**-1974,Minnesota
342,Christopher,Young,12/02/1988,***-**-1343,Nebraska
364,David,Turner,02/13/1973,***-**-7108,Illinois
64,Gregory,Estes,10/04/1989,***-**-9235,Kansas
156,Shannon,Vaughn,12/27/1992,***-**-2444,Arkansas
285,James,Mclaughlin,01/21/1981,***-**-1088,North Carolina
79,Michael,Brown,01/13/1986,***-**-9682,Ohio
170,Jennifer,Crawford,07/21/1986,***-**-5861,Florida
561,Michelle,Carr,06/22/1978,***-**-2759,Connecticut
617,Andrew,Love,05/27/1991,***-**-9696,Ohio
515,Anna,Bennett,06/20/1977,***-**-6909,Tennessee
644,William,Watts,10/12/1989,***-**-6883,Minnesota
450,Cynthia,Williams,12/23/1978,***-**-5994,New York
216,Bruce,Miles,01/21/1982,***-**-0969,Iowa
88,Amanda,Wilson,05/23/1972,***-**-0767,Nebraska
130,Joshua,Riley,11/08/1983,***-**-4874,Indiana
408,Carla,Torres,02/23/1987,***-**-7599,Connecticut
105,Mark,Green,06/14/1977,***-**-6893,Arizona
580,Stephanie,Goodwin,02/25/1986,***-**-5702,North Carolina
388,Cameron,Allen,01/02/1986,***-**-8341,Idaho
316,Harold,Li,05/11/1983,***-**-2966,Georgia
196,Sara,Curry,06/05/1984,***-**-1678,Idaho
366,Caroline,Wyatt,11/12/1979,***-**-7063,New York
331,Nicole,Perez,09/28/1982,***-**-1455,Montana
63,Jacqueline,Garcia,01/31/1991,***-**-8953,North Carolina
651,Alexander,Wright,04/18/1979,***-**-7263,Minnesota
497,Heather,Farrell,01/11/1978,***-**-0338,Massachusetts
14,Joseph,Fernandez,06/01/1978,***-**-4971,Illinois
52,Timothy,Chandler,03/26/1978,***-**-3897,New Mexico
456,Gregory,Jackson,06/06/1973,***-**-0058,Wyoming
412,Thomas,Patterson,05/06/1977,***-**-4561,Virginia
283,Timothy,Suarez,01/12/1977,***-**-3073,Wisconsin
174,Jennifer,Jensen,03/09/1991,***-**-4293,Georgia
509,Andrew,Hogan,06/08/1990,***-**-5943,North Dakota
254,Dale,Hartman,10/01/1993,***-**-9502,Maine
531,Jennifer,Williams,02/27/1977,***-**-9054,Oklahoma
104,Antonio,Perez,02/09/1980,***-**-4115,North Carolina
549,Joshua,Hicks,01/07/1985,***-**-4786,Kansas
183,Edward,Thompson,08/31/1994,***-**-8605,Ohio
612,Lee,Zamora,03/17/1979,***-**-3321,Utah
492,Wyatt,Rivers,02/07/1984,***-**-5135,Kentucky
27,Michelle,Reeves,11/23/1972,***-**-1066,Pennsylvania
287,Joanna,Hopkins,04/17/1973,***-**-2714,Massachusetts
584,Joseph,Mitchell,05/18/1980,***-**-7441,Virginia
624,Ariel,Ray,09/11/1972,***-**-2732,Oregon
53,Shawn,Murray,10/30/1990,***-**-5217,Mississippi
206,Jose,Spears,03/01/1976,***-**-2675,New Hampshire
211,Caroline,Mayer,05/03/1973,***-**-2487,Wyoming
646,David,Weaver,08/11/1976,***-**-2750,Maine
336,Kelly,Sullivan,04/12/1988,***-**-7284,Nevada
555,Kyle,Ramirez,05/30/1984,***-**-2839,Washington
560,Carrie,Davis,06/20/1984,***-**-6558,Washington
203,Catherine,Martinez,04/28/1990,***-**-6917,New Mexico
217,Amanda,Lewis,12/05/1988,***-**-0504,Montana
371,Katherine,Bailey,03/04/1994,***-**-3545,West Virginia
605,Rodney,Smith,05/08/1975,***-**-3105,New Hampshire
337,Savannah,Saunders,05/12/1984,***-**-2473,Iowa
381,Claudia,Oneal,04/01/1987,***-**-9008,Texas
508,Roy,Johnson,03/30/1984,***-**-6344,Alaska
58,Michelle,Smith,07/08/1982,***-**-6834,Nevada
401,Amanda,Haney,04/11/1983,***-**-9019,Iowa
163,Theresa,Fletcher,10/22/1992,***-**-0535,Virginia
548,Debra,Green,07/20/1988,***-**-5376,South Carolina
161,John,Cox,12/11/1985,***-**-7739,Ohio
464,Beth,Harris,12/22/1982,***-**-5871,Rhode Island
476,Erica,Mcconnell,07/01/1981,***-**-0878,Massachusetts
208,Kimberly,Johnson,01/22/1992,***-**-4304,Pennsylvania
378,Kyle,Aguirre,10/24/1973,***-**-4469,Nebraska
654,Nicole,English,04/30/1977,***-**-9164,Hawaii
585,Bonnie,Turner,04/01/1973,***-**-0208,Maryland
621,Maurice,Gillespie,09/07/1984,***-**-8509,Georgia
300,Corey,Adams,10/08/1988,***-**-2578,Oregon
640,Brett,Nelson,06/20/1986,***-**-3049,Maryland
297,Melody,Nelson,01/23/1979,***-**-1931,Virginia
209,James,Young,04/12/1980,***-**-8557,Maine
320,Robert,Smith,04/14/1994,***-**-0748,Mississippi
242,Caroline,Larson,05/05/1990,***-**-7178,Louisiana
258,Megan,Robinson,03/24/1973,***-**-1601,West Virginia
570,Shawn,Edwards,01/19/1978,***-**-4865,Louisiana
417,David,Evans,09/15/1977,***-**-6773,Washington
281,Julie,Price,01/20/1993,***-**-3599,Pennsylvania
436,Briana,Webster,02/08/1978,***-**-3704,Pennsylvania
441,Robin,Oconnor,02/27/1978,***-**-0782,New Hampshire
425,Albert,Davidson,01/20/1975,***-**-9182,California
553,Mark,Chen,04/02/1989,***-**-3553,Wyoming
266,Elizabeth,Lynn,02/25/1992,***-**-8647,Massachusetts
40,Tracy,Gonzalez,11/01/1983,***-**-4059,Wyoming
609,Patricia,Fletcher,06/30/1979,***-**-2311,Rhode Island
471,Tammy,Salinas,12/29/1980,***-**-3850,North Carolina
307,Roger,Wright,03/04/1974,***-**-3080,Missouri
353,Kelly,Castillo,04/13/1992,***-**-7622,Washington
393,Charles,Kelley,04/14/1993,***-**-1133,Oklahoma
607,David,Johnson,06/23/1985,***-**-9729,Delaware
483,David,Cervantes,01/08/1983,***-**-0082,Washington
370,Valerie,Lopez,04/10/1983,***-**-0441,Alabama
273,Sarah,Hayes,11/20/1984,***-**-8195,Connecticut
141,Christina,Arnold,10/20/1979,***-**-2313,New York
338,Cynthia,Bennett,11/26/1973,***-**-7899,Maryland
15,Michelle,Huang,04/09/1983,***-**-8363,Utah
120,Amanda,Dodson,03/04/1973,***-**-6056,Kansas
75,Jeff,Hawkins,08/10/1992,***-**-5606,Illinois
115,Patrick,Taylor,07/29/1991,***-**-5595,Missouri
629,Elizabeth,Howard,11/05/1984,***-**-2641,Arizona
299,Noah,White,04/30/1977,***-**-0897,South Carolina
498,Caroline,Jackson,12/29/1983,***-**-4102,Delaware
445,Andrea,Wright,06/15/1978,***-**-8386,Ohio
582,Sara,Smith,01/02/1983,***-**-9188,Tennessee
245,Jennifer,Rodriguez,04/23/1974,***-**-2538,New Mexico
129,Deanna,Terrell,02/05/1990,***-**-5743,Oklahoma
544,Kristina,Summers,02/17/1989,***-**-3058,Oregon
377,Laura,Mercado,04/05/1974,***-**-9514,Michigan
155,Matthew,Kane,11/17/1990,***-**-9385,Pennsylvania
440,Tamara,White,05/20/1980,***-**-6614,Florida
550,Samantha,Thompson,06/04/1976,***-**-9230,New York
47,John,Mcmillan,03/02/1983,***-**-7301,Nevada
89,Andrea,Webb,12/11/1985,***-**-7815,Virginia
145,Lori,Odonnell,10/22/1989,***-**-2415,Kansas
554,Ronald,Huerta,12/13/1973,***-**-6058,Oklahoma
523,Chelsea,Foster,03/26/1974,***-**-4094,Alaska
499,Daniel,Lopez,09/07/1989,***-**-2639,Arkansas
37,Jonathan,Jones,01/13/1977,***-**-7798,Minnesota
384,Jessica,Gaines,04/23/1981,***-**-9332,Colorado
514,Timothy,Morris,06/16/1981,***-**-2962,Wyoming
260,Donna,Campbell,07/14/1993,***-**-2369,Nevada
239,Tonya,Martinez,09/04/1972,***-**-7702,Iowa
420,Pamela,Moore,02/20/1980,***-**-9532,New Jersey
380,Michelle,Ali,05/05/1993,***-**-3823,Kansas
387,Alexander,Gibson,10/27/1983,***-**-1036,Colorado
207,Jay,Smith,03/06/1985,***-**-6315,Connecticut
318,Teresa,Watkins,07/27/1972,***-**-5707,New York
16,Bradley,Guzman,05/08/1980,***-**-2817,Wyoming
61,Rhonda,Young,06/03/1979,***-**-2336,Nebraska
280,Brandon,Davis,07/22/1977,***-**-1621,Arizona
13,Brandon,Farmer,08/10/1980,***-**-2601,Texas
563,Barbara,Murphy,10/30/1989,***-**-9225,Arkansas
569,James,King,04/21/1978,***-**-1432,Alaska
575,Drew,Kelly,03/25/1993,***-**-3264,Washington
319,Virginia,Wise,02/18/1982,***-**-8887,Oregon
122,Mary,Hernandez,01/29/1990,***-**-5268,New York
520,Ryan,Russell,01/06/1975,***-**-3828,Hawaii
489,Amanda,Smith,08/05/1989,***-**-3579,Delaware
136,Morgan,Dunn,07/13/1980,***-**-1601,Arizona
142,Kimberly,Shaw,06/11/1973,***-**-7577,Massachusetts
250,Kathleen,Klein,01/15/1990,***-**-3388,New Mexico
383,Diana,Meyers,09/13/1972,***-**-4296,Tennessee
650,Logan,Smith,03/26/1990,***-**-0194,Minnesota
231,Tracy,Martin,05/03/1975,***-**-0726,Alaska
431,Edwin,Martin,02/13/1988,***-**-9168,Missouri
306,Kelly,Moran,07/14/1976,***-**-0670,Nevada
151,Robert,Smith,01/12/1987,***-**-2300,Idaho
519,Jane,Martinez,01/30/1991,***-**-3977,Arizona
172,Denise,Castillo,10/10/1983,***-**-0042,Louisiana
121,Jonathon,Brock,04/30/1980,***-**-9917,Colorado
140,Amanda,Franco,09/24/1994,***-**-5413,Alaska
48,Heather,Robinson,11/20/1985,***-**-1929,Minnesota
282,Kathryn,Stout,08/24/1987,***-**-9637,Iowa
42,Cory,Hopkins,03/13/1977,***-**-9491,Alaska
247,Ryan,Snyder,07/14/1982,***-**-9330,Massachusetts
59,Sara,Walker,08/16/1985,***-**-5423,Nebraska
137,Daniel,Garcia,04/21/1979,***-**-3001,Wisconsin
257,Paul,Evans,06/25/1977,***-**-4302,Minnesota
343,Elizabeth,Olson,01/22/1976,***-**-7163,Massachusetts
195,Ann,Romero,10/27/1989,***-**-4046,Delaware
268,Thomas,Jensen,02/23/1991,***-**-3430,Ohio
558,Brian,Davila,07/05/1982,***-**-3711,Delaware
70,Donna,Howard,03/31/1990,***-**-7432,Mississippi
28,Kimberly,Massey,01/01/1981,***-**-4649,Missouri
132,Jeremy,Cross,11/22/1987,***-**-4632,Hawaii
335,Dennis,Thomas,06/11/1989,***-**-5032,Indiana
349,Kenneth,Martin,08/24/1989,***-**-4681,Michigan
510,Tyler,Brewer,06/28/1972,***-**-9006,Hawaii
36,Scott,Brooks,02/24/1972,***-**-4958,New York
430,Derrick,Fritz,12/05/1982,***-**-0071,Iowa
376,Christine,Munoz,11/17/1974,***-**-0149,Missouri
226,Julie,Robbins,11/23/1976,***-**-4571,Indiana
240,Rachel,Cook,03/03/1982,***-**-9042,New Mexico
291,Kyle,Hoffman,12/25/1984,***-**-7692,Montana
619,Nancy,Nguyen,07/05/1976,***-**-3939,Virginia
424,John,Wells,05/25/1993,***-**-3026,New Hampshire
212,Robert,Ellison,07/16/1979,***-**-9579,Nebraska
263,Keith,Robinson,04/15/1978,***-**-3579,North Carolina
443,Dennis,Osborn,11/15/1973,***-**-3531,Massachusetts
26,Ronald,Hays,12/21/1993,***-**-6430,Texas
491,Leslie,Brown,06/15/1973,***-**-1806,New Jersey
114,Maria,Chapman,12/20/1973,***-**-7300,Oklahoma
434,Melissa,Torres,03/22/1981,***-**-6921,New Mexico
615,Joshua,Weaver,11/20/1982,***-**-7030,Iowa
525,Crystal,Martin,08/29/1993,***-**-0679,Maine
44,Sheri,Ball,08/04/1991,***-**-7548,Arizona
475,Steven,Ritter,02/11/1986,***-**-8004,Ohio
529,Linda,Krause,12/22/1978,***-**-4382,South Dakota
83,John,Myers,07/25/1989,***-**-1869,New Jersey
275,Mark,White,09/09/1992,***-**-7830,Idaho
190,Diana,Smith,12/02/1973,***-**-3506,Illinois
423,Karen,Lyons,06/09/1990,***-**-9081,Oklahoma
581,Laura,Glenn,10/20/1992,***-**-1468,Texas
177,Diana,Spence,09/20/1983,***-**-4751,Massachusetts
573,Samantha,Farley,07/10/1977,***-**-2351,Washington
46,Kayla,Mitchell,10/13/1975,***-**-9155,Wisconsin
17,Crystal,Myers,12/31/1980,***-**-6532,Ohio
101,Brooke,Jones,04/09/1979,***-**-2606,Tennessee
261,John,Mueller,03/22/1987,***-**-7849,Maryland
435,Karla,Rosales,07/10/1983,***-**-1729,Illinois
448,Jennifer,Brown,08/23/1977,***-**-0700,Massachusetts
597,Blake,Jimenez,09/10/1977,***-**-3810,Kansas
628,Michael,Garcia,11/05/1980,***-**-4294,Illinois
610,Jermaine,Quinn,12/24/1989,***-**-1754,California
113,Patricia,Cruz,04/22/1976,***-**-3822,Indiana
235,Cameron,Mcintosh,02/01/1975,***-**-8921,Nevada
21,Michelle,Brewer,06/10/1988,***-**-6836,Oklahoma
362,Hannah,Nolan,09/15/1978,***-**-1332,Oklahoma
368,Erica,Johnson,05/27/1978,***-**-9413,Louisiana
323,Jeremy,Obrien,01/13/1982,***-**-7592,Oregon
